7675,통역사성경이,D3
6692,다솔이의월급상자,D3
6485,삼성시의버스노선,D3
6190,정곤이의단조증가하는수,D3
6057,그래프의삼각형,D3
6019,기차사이의파리,D3
5986,새샘이와세소수,D3
5948,새샘이의7-3-5게임,D3
5789,현주의상자바꾸기,D3
5688,세제곱근을찾아라,D3
5549,홀수일까짝수일까,D3
5515,2016년요일맞추기,D3
5431,민석이의과제체크하기,D3
5356,의석이의세로로말해요,D3
5293,이진문자열복원,D3
5215,햄버거다이어트,D3
5162,두가지빵의딜레마,D3
4789,성공적인공연기획,D3
4751,다솔이의다이아몬드장식,D3
4698,테네스의특별한소수,D3
4676,늘어지는소리만들기,D3
4615,재미있는오셀로게임,D3
4579,세상의모든팰린드롬2,D3
4522,세상의모든팰린드롬,D3
4466,최대성적표만들기,D3
4406,모음이보이지않는사람,D3
4371,항구에들어오는배,D3
4299,태혁이의사랑은타이밍,D3
4047,영준이의카드카운팅,D3
3975,승률비교하기,D3
3809,화섭이의정수나열,D3
3750,Digitsum,D3
3499,퍼펙트셔플,D3
3456,직사각형길이찾기,D3
3431,준환이의운동관리,D3
3408,세가지합구하기,D3
3376,파도반수열,D3
3314,보충학습과평균,D3
3307,최장증가부분수열,D3
3304,최장공통부분수열,D3
3260,두수의덧셈,D3
3282,0/1Knapsack,D3
3233,정삼각형분할놀이,D3
3142,영준이와신비한뿔의숲,D3
3131,100만이하의모든소수,D3
3032,홍준이의숫자놀이,D3
2930,힙,D3
2948,문자열교집합,D3
7701,염라대왕의이름정렬,D4
7465,창용마을무리의개수,D4
6959,이상한나라의덧셈게임,D4
6109,추억의2048게임,D4
6026,성수의비밀번호공격,D4
5987,달리기,D4
5550,나는개구리로소이다,D4
5432,쇠막대기자르기,D4
5213,진수의홀수약수,D4
4796,의석이의우뚝선산,D4
4699,콩순이의가장싼팰린드롬,D4
4672,수진이의팰린드롬,D4
4613,러시아국기같은깃발,D4
4530,극한의청소작업,D4
4408,자기방으로돌아가기,D4
4366,정식이의은행업무,D4
4301,콩많이심기,D4
4261,빠른휴대전화키패드,D4
4259,제곱수의합계산하기,D4
4111,무선단속카메라,D4
4050,재관이의대량할인,D4
3812,호중이의큐브색칠,D4
3752,가능한시험점수,D4
3501,순환소수짧게표현하기,D4
3459,승자예측하기,D4
3378,스타일리쉬들여쓰기,D4
3349,최솟값으로이동하기,D4
3347,올림픽종목투표,D4
3316,동아리실관리하기,D4
3263,오름차순줄세우기,D4
3289,서로소집합,D4
3234,준환이의양팔저울,D4
3143,가장빠른문자열타이핑,D4
3124,최소스패닝트리,D4
3074,입국심사,D4
3064,BinaryIndexedTree,D4
3000,중간값구하기,D4
2983,두번이상등장하는문자열,D4
7588,직선의삽입과삭제,D5
7585,수상한점집,D5
7508,화물을옮기는자,D5
7230,현호의자물쇠따기,D5
6732,현주의기차여행,D5
6697,이현이의괄호문자열,D5
6484,조합의약수의개수,D5
6191,사전순괄호문자열,D5
6111,태양이의등차삭제,D5
6058,새해축하파티,D5
5953,수의새로운비교기준,D5
5949,문자열변경하기,D5
5785,살아남는투자가는누구일까,D5
5690,혜리의숫자나누기,D5
5521,상원이의생일파티,D5
5357,터널속의기차,D5
5295,흘러라시간!딴짓하기,D5
5170,상원이의직선긋기게임,D5
4740,밍이의블록게임,D5
4701,경시대회매니저의고민,D5
4583,세븐카드섞기게임,D5
4534,트리흑백색칠,D5
4469,프로그래밍경진대회,D5
4411,덕환이의카드뽑기,D5
4112,이상한피라미드탐험,D5
3977,페르마의크리스마스정리,D5
3503,초보자를위한점프대배치하기,D5
3462,선표의축구경기예측,D5
3421,수제버거장인,D5
3433,RLE문자압축,D5
3410,동서양의경계,D5
3363,영준이의정수저장,D5
3339,N^M의모든약수의합,D5
3319,쿠키가좋아,D5
3308,최장증가부분수열(Hard),D5
3269,강한연결요소,D5
3238,이항계수구하기,D5
1907,모래성쌓기,D5
1905,Rook의공격,D5
1889,재영이는기부천사,D5
1857,종민이의도미노,D5
7794,동환이의알뜰살뜰,D6
7702,Winteriscoming,D6
6960,자영이의퍼스트솔브,D6
6720,성수의에너지전송프로세스,D6
6698,호텔리어민석이의궁금증,D6
6693,수환이의궁금증,D6
6497,구간에속한최댓값과최솟값,D6
6193,준기가좋아하는숫자나열,D6
6192,자영이와두물통,D6
6110,재국이의파이프네트워크,D6
6066,두정수쌍들의합,D6
6025,아름답게나누기,D6
5991,길이가4인단순경로찾기,D6
5787,스왑과인버전,D6
5695,삼성초등학교홍선생님의가을소풍,D6
5548,태양이의캠프조합,D6
5523,밍이의정수열다듬기,D6
5436,동욱이의조판하기,D6
5360,모든섬의통신비용,D6
5302,지하철노선의유사함,D6
5299,아름다운균일수,D6
5216,다항식의계수,D6
5172,같은변을가진삼각형,D6
4804,의석이의프로그래밍문제검증하기,D6
4747,사막에서만난지니,D6
4674,재영이의팩토리얼놀이,D6
4616,점프점프!개굴이의점핑!,D6
4587,흥민이의리스트되돌리기,D6
4487,단조증가수열만들기,D6
4357,다슬이의K-도달가능,D6
4302,건물붕괴예측시스템,D6
4263,팰린드롬단어조합,D6
4116,팰린드롬경로찾기,D6
4053,전국민건강프로젝트,D6
3968,범준이의돌옮기기,D6
3805,온전한구획의공장가동하기,D6
3803,혜정이의색칠공부,D6
3754,태혁이의색연필놀이,D6
3398,재성이의비료주기,D6
3367,갤럭시S9공정개발,D6
3311,K보다큰부분수열,D6
3259,더복잡해진팀정하기,D6
3258,트리와K번째수,D6
3244,균형잡힌경로,D6
2987,람세스정원,D6
1914,삼성마을의마라톤경주,D6
3026,긴자리곱셈,D6
1911,닌자주식회사,D6
1910,종민이햄버거공장,D6
1908,빌라봉이야기,D6
1906,도시공원정비,D6
1858,모범택시드라이버,D6
1855,영준이의진짜BFS,D6
1853,놀부사장의월급감축,D6
1852,왕의자리찾기,D6
7509,최소비용경로쿼리,D7
6486,원소합들의XOR연산,D7
6114,주현이의도시영향력구하기,D7
6068,한길이의물채우기,D7
6020,설희의양궁연습,D7
5994,희인이의트라이나누기,D7
5954,지루하지않은수열,D7
5791,현규의비율맞추기,D7
5697,상원이의최소비용이분검색,D7
5551,영은이의공모으기,D7
5517,은비의스케이팅게임,D7
5439,마트료시카인형,D7
5363,부분수열의힘,D7
5222,진수의안전지대,D7
5164,상원이의퍼즐게임,D7
4792,민기의자전거조립,D7
4753,호둥이의단어찾기,D7
4702,밍이의트리번호붙이기,D7
4677,직교직선게임,D7
4626,같은접미사배열찾기,D7
4581,문자열재구성프로젝트,D7
4524,최대공약수계산기만들기,D7
4475,반도체품질검사,D7
4412,팰린드롬적동등,D7
4361,마법의주문,D7
4303,재성이의식신로드,D7
4264,선표의최단시간여행하기,D7
4118,트리의개수구하기,D7
4064,창용이의멋진수열,D7
3972,삼성초등학교조별활동,D7
3756,만준이의패킷분석,D7
3506,용성이와지옥의시험,D7
3465,다슬이의연봉인상,D7
3427,재관이의앞끝말잇기놀이,D7
3402,J번째숫자찾기,D7
3341,영준이의항등함수,D7
3321,라이브공연기획,D7
3266,동한이의수열복원,D7
3145,동현이의방나누기,D7
3146,소설가의파일합치기,D7
3082,화면보호기,D7
3083,정욱이의순열복원,D7
1913,고대의석판해석하기,D7
1912,경찰과도둑세계대회,D7
1909,삼성왕국의무도회,D7
